timestamp,risk_level,score,valleys_monitored
2026-06-28T12:51:59.328333+00:00,NORMAL,0.0,8
2026-06-28T13:21:40.084787+00:00,NORMAL,2.0,8
2026-06-28T13:58:36.605465+00:00,NORMAL,3.0,8
2026-06-28T15:24:33.465758+00:00,NORMAL,3.0,8
2026-06-28T17:22:21.481985+00:00,NORMAL,3.0,8
2026-06-28T19:42:44.520003+00:00,NORMAL,3.0,8
2026-06-28T21:13:16.405197+00:00,NORMAL,3.0,8
2026-06-28T23:13:40.432989+00:00,NORMAL,3.0,8
2026-06-29T04:51:44.492374+00:00,NORMAL,3.0,8
2026-06-29T09:55:51.722215+00:00,NORMAL,3.0,8
2026-06-29T14:13:54.582300+00:00,NORMAL,3.0,8
2026-06-29T17:45:16.952948+00:00,WATCH,4.0,8
2026-06-29T20:11:18.571707+00:00,NORMAL,3.0,8
2026-06-29T22:16:31.837113+00:00,WATCH,4.0,8
2026-06-30T00:15:12.435220+00:00,NORMAL,2.0,8
2026-06-30T05:13:57.109803+00:00,NORMAL,2.0,8
2026-06-30T09:57:39.492179+00:00,NORMAL,2.0,8
2026-06-30T12:19:43.796810+00:00,NORMAL,2.0,8
2026-06-30T15:39:12.980139+00:00,NORMAL,2.0,8
2026-06-30T18:07:14.032717+00:00,NORMAL,2.0,8
2026-06-30T21:02:46.017144+00:00,NORMAL,2.0,8
2026-06-30T23:21:46.808863+00:00,NORMAL,2.0,8
2026-07-01T04:46:40.552218+00:00,NORMAL,2.0,8
2026-07-01T08:54:28.895323+00:00,NORMAL,2.0,8
2026-07-01T12:15:43.668773+00:00,NORMAL,2.0,8
2026-07-01T15:49:34.578890+00:00,NORMAL,2.0,8
2026-07-01T18:07:02.894583+00:00,NORMAL,2.0,8
2026-07-01T20:52:32.707070+00:00,NORMAL,2.0,8
2026-07-01T22:24:28.254946+00:00,NORMAL,2.0,8
2026-07-02T00:18:23.838778+00:00,NORMAL,0.0,8
2026-07-02T05:05:45.158619+00:00,NORMAL,1.0,8
2026-07-02T09:29:05.636951+00:00,NORMAL,1.0,8
2026-07-02T12:16:51.901351+00:00,NORMAL,1.0,8
2026-07-02T15:25:03.112569+00:00,NORMAL,1.0,8
2026-07-02T18:00:38.925229+00:00,NORMAL,1.0,8
2026-07-02T19:47:08.444264+00:00,NORMAL,1.0,8
2026-07-02T21:18:48.553475+00:00,NORMAL,0.0,8
2026-07-02T23:17:24.929277+00:00,NORMAL,0.0,8
2026-07-03T04:04:26.133597+00:00,NORMAL,0.0,8
2026-07-03T07:33:51.413790+00:00,NORMAL,1.0,8
2026-07-03T10:46:35.081106+00:00,NORMAL,0.0,8
2026-07-03T13:04:05.526918+00:00,NORMAL,1.0,8
2026-07-03T15:57:33.822642+00:00,NORMAL,1.0,8
2026-07-03T17:43:50.444341+00:00,NORMAL,1.0,8
2026-07-03T19:43:12.506758+00:00,NORMAL,1.0,8
2026-07-03T21:22:02.039869+00:00,NORMAL,0.0,8
2026-07-03T23:14:31.941265+00:00,NORMAL,1.0,8
2026-07-04T03:54:44.680633+00:00,NORMAL,1.0,8
2026-07-04T06:55:42.279370+00:00,NORMAL,0.0,8
2026-07-04T09:29:42.763663+00:00,NORMAL,0.0,8
2026-07-04T11:41:52.836779+00:00,NORMAL,0.0,8
2026-07-04T13:52:49.637219+00:00,NORMAL,1.0,8
2026-07-04T15:15:21.338717+00:00,NORMAL,1.0,8
2026-07-04T17:15:40.976463+00:00,NORMAL,1.0,8
2026-07-04T19:25:43.045103+00:00,NORMAL,1.0,8
2026-07-04T21:08:33.891054+00:00,NORMAL,0.0,8
2026-07-04T23:05:28.764075+00:00,NORMAL,0.0,8
2026-07-05T04:12:48.847590+00:00,NORMAL,1.0,8
2026-07-05T08:08:28.005442+00:00,NORMAL,1.0,8
2026-07-05T11:10:32.706067+00:00,NORMAL,1.0,8
2026-07-05T14:00:24.757827+00:00,NORMAL,1.0,8
2026-07-05T15:23:58.000623+00:00,NORMAL,1.0,8
2026-07-05T17:22:49.726938+00:00,NORMAL,1.0,8
2026-07-05T19:37:54.332883+00:00,NORMAL,1.0,8
2026-07-05T21:13:27.647438+00:00,NORMAL,1.0,8
2026-07-05T23:10:54.620293+00:00,NORMAL,1.0,8
2026-07-06T04:19:52.619311+00:00,NORMAL,1.0,8
2026-07-06T09:09:01.250446+00:00,NORMAL,0.0,8
2026-07-06T13:55:30.208968+00:00,NORMAL,0.0,8
2026-07-06T16:58:26.988834+00:00,NORMAL,1.0,8
2026-07-06T19:03:41.104027+00:00,NORMAL,1.0,8
2026-07-06T21:43:55.539997+00:00,NORMAL,1.0,8
2026-07-06T23:16:40.161512+00:00,NORMAL,1.0,8
2026-07-07T04:09:45.305847+00:00,NORMAL,2.0,8
2026-07-07T08:31:21.291206+00:00,NORMAL,2.0,8
2026-07-07T12:04:30.011973+00:00,NORMAL,2.0,8
2026-07-07T15:48:45.319540+00:00,NORMAL,2.0,8
2026-07-07T18:09:27.387453+00:00,NORMAL,2.0,8
2026-07-07T20:54:50.643474+00:00,NORMAL,2.0,8
2026-07-07T22:19:15.560667+00:00,NORMAL,2.0,8
2026-07-08T00:07:27.476288+00:00,NORMAL,0.0,8
2026-07-08T04:22:08.100759+00:00,NORMAL,0.0,8
2026-07-08T07:37:23.479196+00:00,NORMAL,0.0,8
2026-07-08T10:29:09.036814+00:00,NORMAL,0.0,8
2026-07-08T12:28:20.349232+00:00,NORMAL,0.0,8
2026-07-08T15:30:03.339384+00:00,NORMAL,0.0,8
2026-07-08T17:47:28.785785+00:00,NORMAL,0.0,8
2026-07-08T19:47:45.069625+00:00,NORMAL,0.0,8
2026-07-08T21:17:26.752946+00:00,NORMAL,0.0,8
2026-07-08T23:18:00.952641+00:00,NORMAL,0.0,8
2026-07-09T04:02:52.235218+00:00,NORMAL,1.0,8
2026-07-09T08:35:04.102198+00:00,NORMAL,1.0,8
2026-07-09T12:13:23.864458+00:00,NORMAL,0.0,8
2026-07-09T16:08:23.666484+00:00,NORMAL,0.0,8
2026-07-09T18:55:28.760004+00:00,NORMAL,1.0,8
2026-07-09T20:53:48.824278+00:00,NORMAL,1.0,8
2026-07-09T22:39:28.327568+00:00,NORMAL,1.0,8
2026-07-10T00:14:24.397709+00:00,NORMAL,1.0,8
2026-07-10T05:00:36.247660+00:00,NORMAL,1.0,8
2026-07-10T08:34:15.127914+00:00,NORMAL,1.0,8
2026-07-10T12:07:27.591806+00:00,NORMAL,1.0,8
2026-07-10T15:37:55.468706+00:00,NORMAL,0.0,8
2026-07-10T17:54:49.142462+00:00,NORMAL,0.0,8
2026-07-10T19:46:43.342769+00:00,NORMAL,1.0,8
2026-07-10T21:15:22.901023+00:00,NORMAL,1.0,8
2026-07-10T23:07:14.981783+00:00,NORMAL,1.0,8
2026-07-11T03:30:44.910976+00:00,NORMAL,2.0,8
2026-07-11T06:23:23.386327+00:00,NORMAL,2.0,8
2026-07-11T08:55:12.694421+00:00,NORMAL,1.0,8
2026-07-11T10:22:44.949175+00:00,NORMAL,1.0,8
2026-07-11T12:00:11.420193+00:00,NORMAL,1.0,8
2026-07-11T13:48:36.703319+00:00,NORMAL,0.0,8
2026-07-11T15:04:33.307954+00:00,NORMAL,0.0,8
2026-07-11T17:07:12.268788+00:00,NORMAL,0.0,8
2026-07-11T19:17:54.115466+00:00,NORMAL,1.0,8
2026-07-11T21:00:39.157976+00:00,NORMAL,1.0,8
2026-07-11T22:02:53.587709+00:00,NORMAL,1.0,8
2026-07-12T00:02:28.312729+00:00,NORMAL,3.0,8
2026-07-12T04:31:11.238998+00:00,NORMAL,2.0,8
2026-07-12T07:34:15.206726+00:00,NORMAL,2.0,8
2026-07-12T09:59:23.291392+00:00,NORMAL,2.0,8
2026-07-12T11:21:56.232030+00:00,NORMAL,2.0,8
2026-07-12T13:46:30.823573+00:00,NORMAL,2.0,8
2026-07-12T15:07:28.700453+00:00,NORMAL,2.0,8
2026-07-12T17:10:46.404079+00:00,NORMAL,2.0,8
2026-07-12T19:17:59.222950+00:00,NORMAL,2.0,8
2026-07-12T21:04:05.357334+00:00,NORMAL,2.0,8
2026-07-12T22:58:45.505025+00:00,NORMAL,2.0,8
2026-07-13T00:04:35.277572+00:00,NORMAL,0.0,8
2026-07-13T04:37:31.728661+00:00,NORMAL,0.0,8
2026-07-13T08:23:16.992760+00:00,NORMAL,0.0,8
2026-07-13T12:15:29.862690+00:00,NORMAL,0.0,8
2026-07-13T15:48:10.480389+00:00,NORMAL,0.0,8
2026-07-13T18:02:54.032884+00:00,NORMAL,0.0,8
2026-07-13T20:21:30.301605+00:00,NORMAL,0.0,8
2026-07-13T22:04:24.200202+00:00,NORMAL,0.0,8
2026-07-14T00:00:49.404277+00:00,NORMAL,0.0,8
2026-07-14T03:26:31.132152+00:00,NORMAL,0.0,8
2026-07-14T06:21:28.968969+00:00,NORMAL,0.0,8
2026-07-14T09:11:35.175405+00:00,NORMAL,0.0,8
2026-07-14T11:39:20.293148+00:00,NORMAL,0.0,8
2026-07-14T14:04:46.099752+00:00,NORMAL,1.0,8
2026-07-14T16:22:56.079379+00:00,NORMAL,1.0,8
2026-07-14T18:12:41.082407+00:00,NORMAL,1.0,8
2026-07-14T20:19:55.972406+00:00,NORMAL,1.0,8
2026-07-14T22:07:13.474399+00:00,NORMAL,1.0,8
2026-07-14T23:59:56.694535+00:00,NORMAL,1.0,8
2026-07-15T03:26:52.712043+00:00,NORMAL,0.0,8
2026-07-15T06:24:24.841489+00:00,NORMAL,0.0,8
2026-07-15T09:17:30.566251+00:00,NORMAL,1.0,8
2026-07-15T11:42:06.620003+00:00,NORMAL,1.0,8
2026-07-15T14:00:49.505871+00:00,NORMAL,1.0,8
2026-07-15T15:44:21.147409+00:00,NORMAL,1.0,8
2026-07-15T17:26:17.329511+00:00,NORMAL,1.0,8
2026-07-15T19:25:19.599830+00:00,NORMAL,0.0,8
2026-07-15T21:10:11.735139+00:00,NORMAL,0.0,8
2026-07-15T23:05:03.178226+00:00,NORMAL,0.0,8
2026-07-16T03:25:39.060602+00:00,NORMAL,1.0,8
2026-07-16T06:27:17.094277+00:00,NORMAL,2.0,8
2026-07-16T09:21:10.717244+00:00,NORMAL,2.0,8
2026-07-16T11:48:33.753203+00:00,NORMAL,1.0,8
2026-07-16T14:12:58.062532+00:00,NORMAL,1.0,8
2026-07-16T16:25:35.677672+00:00,NORMAL,1.0,8
2026-07-16T18:14:08.651737+00:00,NORMAL,1.0,8
2026-07-16T20:08:39.346098+00:00,NORMAL,1.0,8
2026-07-16T22:12:05.887287+00:00,NORMAL,1.0,8
2026-07-17T00:07:11.307898+00:00,NORMAL,2.0,8
2026-07-17T04:15:35.214763+00:00,NORMAL,2.0,8
2026-07-17T07:25:20.249158+00:00,NORMAL,2.0,8
2026-07-17T10:08:46.777485+00:00,NORMAL,2.0,8
2026-07-17T12:17:53.230579+00:00,NORMAL,2.0,8
2026-07-17T14:50:05.904677+00:00,NORMAL,3.0,8
2026-07-17T16:23:05.538591+00:00,NORMAL,2.0,8
2026-07-17T18:13:20.666760+00:00,NORMAL,2.0,8
2026-07-17T20:12:37.993122+00:00,NORMAL,3.0,8
2026-07-17T22:01:44.049720+00:00,NORMAL,2.0,8
2026-07-17T23:02:26.271870+00:00,NORMAL,3.0,8
2026-07-18T03:17:56.210284+00:00,NORMAL,2.0,8
2026-07-18T06:13:09.464290+00:00,NORMAL,2.0,8
2026-07-18T08:55:16.648293+00:00,NORMAL,2.0,8
2026-07-18T10:26:22.164650+00:00,NORMAL,2.0,8
2026-07-18T11:59:46.027660+00:00,NORMAL,2.0,8
2026-07-18T13:43:30.589707+00:00,NORMAL,2.0,8
2026-07-18T15:04:06.394218+00:00,NORMAL,2.0,8
2026-07-18T17:06:41.029964+00:00,NORMAL,2.0,8
2026-07-18T19:15:47.079527+00:00,NORMAL,3.0,8
2026-07-18T21:00:27.173093+00:00,NORMAL,3.0,8
2026-07-18T22:03:00.820328+00:00,NORMAL,3.0,8
2026-07-19T00:02:05.627605+00:00,NORMAL,1.0,8
2026-07-19T03:47:08.982691+00:00,NORMAL,2.0,8
2026-07-19T06:39:12.407553+00:00,NORMAL,2.0,8
2026-07-19T09:11:12.447834+00:00,NORMAL,2.0,8
2026-07-19T11:16:25.511942+00:00,NORMAL,2.0,8
2026-07-19T13:42:57.530128+00:00,NORMAL,2.0,8
2026-07-19T15:04:57.815857+00:00,NORMAL,3.0,8
2026-07-19T17:07:23.156624+00:00,NORMAL,3.0,8
2026-07-19T19:18:28.486134+00:00,NORMAL,2.0,8
2026-07-19T21:01:12.156546+00:00,NORMAL,3.0,8
2026-07-19T22:06:02.768017+00:00,NORMAL,2.0,8
2026-07-20T00:05:40.739329+00:00,NORMAL,2.0,8
2026-07-20T04:42:35.347124+00:00,NORMAL,3.0,8
2026-07-20T08:14:22.680640+00:00,NORMAL,2.0,8
2026-07-20T11:53:55.060374+00:00,NORMAL,3.0,8
2026-07-20T14:26:35.932348+00:00,NORMAL,2.0,8
2026-07-20T16:40:05.621865+00:00,NORMAL,2.0,8
2026-07-20T19:00:49.867815+00:00,NORMAL,2.0,8
2026-07-20T20:38:53.046632+00:00,NORMAL,2.0,8
2026-07-20T22:08:36.320200+00:00,NORMAL,3.0,8
2026-07-21T00:05:54.636222+00:00,NORMAL,2.0,8
2026-07-21T04:22:15.293505+00:00,NORMAL,2.0,8
2026-07-21T07:39:09.667996+00:00,NORMAL,2.0,8
2026-07-21T10:34:18.159945+00:00,NORMAL,2.0,8
2026-07-21T12:42:07.140989+00:00,NORMAL,1.0,8
2026-07-21T15:10:25.945686+00:00,NORMAL,1.0,8
2026-07-21T17:39:22.416119+00:00,NORMAL,1.0,8
2026-07-21T19:44:49.701026+00:00,NORMAL,2.0,8
2026-07-21T21:20:47.087896+00:00,NORMAL,2.0,8
2026-07-21T23:05:19.189345+00:00,NORMAL,2.0,8
2026-07-22T03:31:05.918108+00:00,NORMAL,3.0,8
2026-07-22T06:38:55.914240+00:00,NORMAL,3.0,8
2026-07-22T09:34:06.396485+00:00,WATCH,4.0,8
2026-07-22T11:56:11.880760+00:00,WATCH,4.0,8
2026-07-22T14:15:34.533253+00:00,NORMAL,3.0,8
2026-07-22T16:27:52.562638+00:00,NORMAL,3.0,8
2026-07-22T18:16:26.748703+00:00,NORMAL,3.0,8
2026-07-22T20:19:03.339015+00:00,NORMAL,3.0,8
2026-07-22T22:13:15.008881+00:00,NORMAL,3.0,8
2026-07-23T00:09:40.641792+00:00,NORMAL,2.0,8
2026-07-23T04:23:55.807303+00:00,NORMAL,1.0,8
2026-07-23T07:40:27.982569+00:00,NORMAL,2.0,8
2026-07-23T10:33:47.228127+00:00,NORMAL,2.0,8
2026-07-23T12:45:20.219135+00:00,NORMAL,3.0,8
2026-07-23T15:19:13.682037+00:00,NORMAL,3.0,8
2026-07-23T17:40:28.322413+00:00,NORMAL,3.0,8
2026-07-23T19:38:52.735067+00:00,NORMAL,2.0,8
2026-07-23T21:15:47.306573+00:00,NORMAL,2.0,8
2026-07-23T23:05:21.745693+00:00,NORMAL,2.0,8
2026-07-24T03:31:30.090108+00:00,NORMAL,2.0,8
2026-07-24T06:35:55.441526+00:00,NORMAL,2.0,8
2026-07-24T09:28:28.798990+00:00,NORMAL,3.0,8
2026-07-24T11:49:41.054547+00:00,NORMAL,3.0,8
2026-07-24T14:02:47.429080+00:00,NORMAL,1.0,8
2026-07-24T16:49:25.941209+00:00,NORMAL,1.0,8
2026-07-24T18:25:34.728172+00:00,NORMAL,1.0,8
2026-07-24T20:26:29.502031+00:00,NORMAL,2.0,8
2026-07-24T22:13:24.479455+00:00,NORMAL,2.0,8
2026-07-25T00:12:25.618669+00:00,NORMAL,0.0,8
2026-07-25T04:18:35.747846+00:00,NORMAL,0.0,8
2026-07-25T07:23:33.491059+00:00,NORMAL,0.0,8
2026-07-25T09:57:59.475533+00:00,NORMAL,0.0,8
2026-07-25T11:20:32.574452+00:00,NORMAL,0.0,8
2026-07-25T13:53:50.715692+00:00,NORMAL,0.0,8
2026-07-25T15:12:23.796009+00:00,NORMAL,0.0,8
2026-07-25T17:09:52.440289+00:00,NORMAL,0.0,8
2026-07-25T19:20:36.468216+00:00,NORMAL,0.0,8
2026-07-25T21:03:46.644036+00:00,NORMAL,0.0,8
2026-07-25T23:03:27.848080+00:00,NORMAL,0.0,8
2026-07-26T03:41:45.850403+00:00,NORMAL,0.0,8
2026-07-26T06:45:00.520587+00:00,NORMAL,0.0,8
2026-07-26T09:23:24.974544+00:00,NORMAL,0.0,8
2026-07-26T11:25:49.493287+00:00,NORMAL,0.0,8
2026-07-26T13:46:35.890974+00:00,NORMAL,0.0,8
2026-07-26T15:13:14.137164+00:00,NORMAL,0.0,8
2026-07-26T17:11:40.416453+00:00,NORMAL,0.0,8
2026-07-26T19:23:07.506945+00:00,NORMAL,0.0,8
2026-07-26T21:05:56.796839+00:00,NORMAL,0.0,8
2026-07-26T23:04:39.055778+00:00,NORMAL,0.0,8
2026-07-27T03:53:02.400791+00:00,NORMAL,0.0,8
2026-07-27T07:41:46.329207+00:00,NORMAL,0.0,8
2026-07-27T11:34:18.899124+00:00,NORMAL,0.0,8
2026-07-27T14:54:06.324322+00:00,NORMAL,0.0,8
2026-07-27T17:05:38.042144+00:00,NORMAL,0.0,8
2026-07-27T19:47:44.338618+00:00,NORMAL,0.0,8
2026-07-27T21:20:25.003250+00:00,NORMAL,0.0,8
2026-07-27T23:13:18.986766+00:00,NORMAL,0.0,8
2026-07-28T03:22:51.691905+00:00,NORMAL,0.0,8
2026-07-28T06:35:00.930015+00:00,NORMAL,0.0,8
2026-07-28T09:43:00.949586+00:00,NORMAL,0.0,8
2026-07-28T12:04:44.044278+00:00,NORMAL,0.0,8
2026-07-28T15:28:00.594734+00:00,NORMAL,0.0,8
2026-07-28T17:42:34.912593+00:00,NORMAL,0.0,8
2026-07-28T19:44:41.362486+00:00,NORMAL,0.0,8
2026-07-28T21:17:12.365579+00:00,NORMAL,0.0,8
2026-07-28T23:09:50.282054+00:00,NORMAL,0.0,8
2026-07-29T03:24:30.838699+00:00,NORMAL,0.0,8
2026-07-29T06:40:41.634500+00:00,NORMAL,0.0,8
2026-07-29T09:45:40.232314+00:00,NORMAL,0.0,8
2026-07-29T12:09:43.530170+00:00,NORMAL,0.0,8
2026-07-29T15:13:50.383821+00:00,NORMAL,0.0,8
2026-07-29T17:25:02.340578+00:00,NORMAL,0.0,8
2026-07-29T19:35:47.305207+00:00,NORMAL,0.0,8
2026-07-29T21:04:49.796667+00:00,NORMAL,0.0,8
2026-07-29T23:06:09.038010+00:00,NORMAL,0.0,8
2026-07-30T02:57:36.033446+00:00,NORMAL,1.0,8
2026-07-30T05:52:03.702673+00:00,NORMAL,1.0,8
2026-07-30T08:42:37.165127+00:00,NORMAL,1.0,8
2026-07-30T11:16:07.522879+00:00,NORMAL,1.0,8
2026-07-30T14:24:00.686064+00:00,NORMAL,0.0,8
2026-07-30T16:42:55.030701+00:00,NORMAL,0.0,8
2026-07-30T18:23:20.449911+00:00,NORMAL,0.0,8
2026-07-30T20:21:31.639994+00:00,NORMAL,0.0,8
2026-07-30T22:15:29.357402+00:00,NORMAL,0.0,8
2026-07-31T00:12:15.841296+00:00,NORMAL,0.0,8
2026-07-31T04:31:15.963403+00:00,NORMAL,0.0,8
2026-07-31T07:58:38.625767+00:00,NORMAL,0.0,8
2026-07-31T10:49:44.128586+00:00,NORMAL,0.0,8
2026-07-31T13:03:13.713658+00:00,NORMAL,0.0,8
2026-07-31T16:06:57.680768+00:00,NORMAL,0.0,8
2026-07-31T18:25:41.297278+00:00,NORMAL,0.0,8
2026-07-31T20:25:30.054718+00:00,NORMAL,0.0,8
2026-07-31T22:12:29.283627+00:00,NORMAL,0.0,8
2026-08-01T00:07:44.552864+00:00,NORMAL,0.0,8
2026-08-01T04:27:44.349793+00:00,NORMAL,0.0,8
2026-08-01T07:32:59.013238+00:00,NORMAL,0.0,8
2026-08-01T10:06:40.767183+00:00,NORMAL,0.0,8
2026-08-01T12:07:13.555968+00:00,NORMAL,0.0,8
2026-08-01T14:39:02.917798+00:00,NORMAL,0.0,8
2026-08-01T16:07:03.903400+00:00,NORMAL,0.0,8
2026-08-01T18:05:57.485782+00:00,NORMAL,0.0,8
2026-08-01T20:14:31.762256+00:00,NORMAL,0.0,8
2026-08-01T22:03:20.863827+00:00,NORMAL,0.0,8
2026-08-02T00:04:22.378666+00:00,NORMAL,1.0,8
2026-08-02T04:30:53.973090+00:00,NORMAL,0.0,8
2026-08-02T07:37:56.873018+00:00,NORMAL,1.0,8
2026-08-02T10:05:22.382445+00:00,NORMAL,1.0,8
2026-08-02T12:10:23.612764+00:00,NORMAL,1.0,8
2026-08-02T14:43:15.881245+00:00,NORMAL,0.0,8
2026-08-02T16:08:30.207448+00:00,NORMAL,0.0,8
2026-08-02T18:06:18.596348+00:00,NORMAL,0.0,8
2026-08-02T20:15:30.417753+00:00,NORMAL,0.0,8
2026-08-02T22:02:28.257172+00:00,NORMAL,0.0,8
2026-08-03T00:06:06.507139+00:00,NORMAL,0.0,8
2026-08-03T04:37:17.749731+00:00,NORMAL,0.0,8
2026-08-03T08:36:56.961362+00:00,NORMAL,0.0,8
2026-08-03T12:34:26.714702+00:00,NORMAL,0.0,8
2026-08-03T15:50:08.874975+00:00,NORMAL,0.0,8
2026-08-03T17:59:34.850284+00:00,NORMAL,0.0,8
2026-08-03T19:51:44.141927+00:00,NORMAL,0.0,8
2026-08-03T21:13:15.826432+00:00,NORMAL,0.0,8
2026-08-03T23:12:21.323526+00:00,NORMAL,0.0,8
2026-08-04T03:26:18.388833+00:00,NORMAL,0.0,8
2026-08-04T06:35:37.415468+00:00,NORMAL,0.0,8
2026-08-04T09:44:56.752907+00:00,NORMAL,0.0,8
2026-08-04T12:07:48.158707+00:00,NORMAL,0.0,8
2026-08-04T15:30:23.824449+00:00,NORMAL,0.0,8
2026-08-04T17:57:51.151278+00:00,NORMAL,0.0,8
2026-08-04T19:50:12.708597+00:00,NORMAL,0.0,8
2026-08-04T21:21:29.923349+00:00,NORMAL,0.0,8
2026-08-04T23:10:35.145826+00:00,NORMAL,0.0,8
2026-08-05T03:21:26.521771+00:00,NORMAL,0.0,8
2026-08-05T06:37:17.661525+00:00,NORMAL,0.0,8
2026-08-05T09:43:16.350214+00:00,NORMAL,0.0,8
2026-08-05T12:05:48.517167+00:00,NORMAL,0.0,8
2026-08-05T15:22:00.563721+00:00,NORMAL,0.0,8
2026-08-05T17:50:25.737795+00:00,NORMAL,0.0,8
2026-08-05T19:47:13.019836+00:00,NORMAL,0.0,8
2026-08-05T21:21:31.008555+00:00,NORMAL,0.0,8
2026-08-05T23:09:39.962994+00:00,NORMAL,0.0,8
2026-08-06T03:25:08.123986+00:00,NORMAL,0.0,8
2026-08-06T06:40:28.512445+00:00,NORMAL,0.0,8
2026-08-06T09:45:45.135207+00:00,NORMAL,0.0,8
2026-08-06T12:09:47.112557+00:00,NORMAL,0.0,8
2026-08-06T15:21:54.086353+00:00,NORMAL,0.0,8
2026-08-07T00:11:57.958199+00:00,NORMAL,0.0,8
2026-08-07T03:55:56.044719+00:00,NORMAL,0.0,8
2026-08-07T05:47:15.837596+00:00,NORMAL,0.0,8
2026-08-07T07:35:26.801292+00:00,NORMAL,0.0,8
2026-08-07T09:09:47.854930+00:00,NORMAL,0.0,8
2026-08-07T10:59:57.977811+00:00,NORMAL,0.0,8
2026-08-07T11:54:11.693613+00:00,NORMAL,0.0,8
2026-08-07T13:22:05.157723+00:00,NORMAL,0.0,8
2026-08-07T15:02:03.044424+00:00,NORMAL,0.0,8
2026-08-07T17:01:24.752918+00:00,NORMAL,0.0,8
2026-08-07T17:58:34.046797+00:00,NORMAL,0.0,8
2026-08-07T19:09:18.049406+00:00,NORMAL,0.0,8
2026-08-07T20:52:05.072838+00:00,NORMAL,0.0,8
2026-08-07T21:49:07.302502+00:00,NORMAL,0.0,8
2026-08-07T22:46:50.410375+00:00,NORMAL,0.0,8
2026-08-07T23:40:37.479585+00:00,NORMAL,0.0,8
2026-08-08T02:08:46.647989+00:00,NORMAL,0.0,8
2026-08-08T04:17:23.326838+00:00,NORMAL,0.0,8
2026-08-08T05:49:28.585544+00:00,NORMAL,0.0,8
2026-08-08T07:05:46.199322+00:00,NORMAL,0.0,8
2026-08-08T08:52:03.344526+00:00,NORMAL,0.0,8
2026-08-08T09:46:23.867766+00:00,NORMAL,0.0,8
2026-08-08T10:42:04.571451+00:00,NORMAL,0.0,8
2026-08-08T11:36:32.076696+00:00,NORMAL,0.0,8
2026-08-08T13:05:00.868968+00:00,NORMAL,0.0,8
2026-08-08T14:40:25.541738+00:00,NORMAL,0.0,8
2026-08-08T15:37:32.951258+00:00,NORMAL,0.0,8
2026-08-08T16:44:12.048674+00:00,NORMAL,0.0,8
2026-08-08T17:39:03.074589+00:00,NORMAL,0.0,8
2026-08-08T18:50:11.726768+00:00,NORMAL,0.0,8
2026-08-08T19:37:56.009129+00:00,NORMAL,0.0,8
2026-08-08T20:39:19.633010+00:00,NORMAL,0.0,8
2026-08-08T21:38:13.734793+00:00,NORMAL,0.0,8
2026-08-08T22:38:42.860184+00:00,NORMAL,0.0,8
2026-08-08T23:36:42.687148+00:00,NORMAL,0.0,8
2026-08-09T02:20:28.451330+00:00,NORMAL,0.0,8
2026-08-09T04:24:24.091673+00:00,NORMAL,0.0,8
2026-08-09T05:52:35.352148+00:00,NORMAL,0.0,8
2026-08-09T07:08:54.642033+00:00,NORMAL,0.0,8
2026-08-09T08:53:38.773879+00:00,NORMAL,0.0,8
2026-08-09T09:50:11.884356+00:00,NORMAL,0.0,8
2026-08-09T10:42:50.466983+00:00,NORMAL,0.0,8
2026-08-09T11:37:55.634437+00:00,NORMAL,0.0,8
2026-08-09T13:07:01.904224+00:00,NORMAL,0.0,8
2026-08-09T14:43:13.774108+00:00,NORMAL,0.0,8
2026-08-09T15:38:45.866173+00:00,NORMAL,0.0,8
2026-08-09T16:45:19.442808+00:00,NORMAL,0.0,8
2026-08-09T17:39:15.093194+00:00,NORMAL,0.0,8
2026-08-09T18:53:18.645002+00:00,NORMAL,0.0,8
2026-08-09T19:40:23.059036+00:00,NORMAL,0.0,8
2026-08-09T20:43:41.577303+00:00,NORMAL,0.0,8
2026-08-09T21:40:55.504458+00:00,NORMAL,0.0,8
2026-08-09T22:40:32.356280+00:00,NORMAL,0.0,8
2026-08-09T23:39:58.149078+00:00,NORMAL,0.0,8
2026-08-10T02:24:43.400138+00:00,NORMAL,0.0,8
2026-08-10T04:46:50.571603+00:00,NORMAL,0.0,8
2026-08-10T06:17:28.460914+00:00,NORMAL,0.0,8
2026-08-10T08:46:47.454118+00:00,NORMAL,0.0,8
2026-08-10T10:25:59.840666+00:00,NORMAL,0.0,8
2026-08-10T11:54:56.458685+00:00,NORMAL,0.0,8
2026-08-10T13:26:40.759281+00:00,NORMAL,0.0,8
2026-08-10T15:06:54.287013+00:00,NORMAL,0.0,8
2026-08-10T17:01:45.121862+00:00,NORMAL,0.0,8
2026-08-10T19:07:23.567349+00:00,NORMAL,0.0,8
2026-08-10T20:53:35.349533+00:00,NORMAL,0.0,8
2026-08-10T21:51:49.163607+00:00,NORMAL,0.0,8
2026-08-10T22:48:46.608329+00:00,NORMAL,0.0,8
2026-08-10T23:42:36.430039+00:00,NORMAL,0.0,8
2026-08-11T02:16:13.914387+00:00,NORMAL,0.0,8
2026-08-11T04:27:04.285043+00:00,NORMAL,0.0,8
2026-08-11T05:58:25.061142+00:00,NORMAL,0.0,8
2026-08-11T07:21:40.671791+00:00,NORMAL,0.0,8
2026-08-11T09:09:31.155966+00:00,NORMAL,0.0,8
2026-08-11T10:58:25.831779+00:00,NORMAL,0.0,8
2026-08-11T11:52:20.408013+00:00,NORMAL,0.0,8
2026-08-11T13:23:00.354531+00:00,NORMAL,0.0,8
2026-08-11T15:07:33.262982+00:00,NORMAL,0.0,8
2026-08-11T17:06:10.493114+00:00,NORMAL,0.0,8
2026-08-11T19:13:21.455768+00:00,NORMAL,0.0,8
2026-08-11T20:57:24.648445+00:00,NORMAL,0.0,8
2026-08-11T21:57:52.677645+00:00,NORMAL,0.0,8
2026-08-11T22:55:44.216985+00:00,NORMAL,0.0,8
2026-08-11T23:51:43.294290+00:00,NORMAL,0.0,8
2026-08-12T02:33:35.889309+00:00,NORMAL,0.0,8
2026-08-12T04:55:41.954509+00:00,NORMAL,0.0,8
2026-08-12T06:21:08.805000+00:00,NORMAL,0.0,8
2026-08-12T08:25:57.614482+00:00,NORMAL,1.0,8
2026-08-12T10:15:32.834538+00:00,NORMAL,1.0,8
2026-08-12T11:54:16.247481+00:00,NORMAL,1.0,8
2026-08-12T13:27:30.069855+00:00,NORMAL,0.0,8
2026-08-12T15:05:59.826212+00:00,NORMAL,0.0,8
2026-08-12T17:05:13.912281+00:00,NORMAL,0.0,8
2026-08-12T19:12:41.214495+00:00,NORMAL,0.0,8
2026-08-12T20:56:20.528231+00:00,NORMAL,0.0,8
2026-08-12T21:55:18.359633+00:00,NORMAL,0.0,8
2026-08-12T22:52:10.887344+00:00,NORMAL,0.0,8
2026-08-12T23:51:23.759927+00:00,NORMAL,0.0,8
2026-08-13T02:34:32.084173+00:00,NORMAL,0.0,8
2026-08-13T04:59:24.477628+00:00,NORMAL,0.0,8
2026-08-13T06:25:41.551580+00:00,NORMAL,0.0,8
2026-08-13T08:28:26.700771+00:00,NORMAL,0.0,8
2026-08-13T10:17:07.859887+00:00,NORMAL,0.0,8
2026-08-13T11:55:30.307207+00:00,NORMAL,0.0,8
2026-08-13T13:36:07.187073+00:00,NORMAL,0.0,8
2026-08-13T15:05:58.371145+00:00,NORMAL,0.0,8
2026-08-13T17:04:03.350899+00:00,NORMAL,0.0,8
2026-08-13T19:13:09.124025+00:00,NORMAL,0.0,8
2026-08-13T20:54:00.840459+00:00,NORMAL,0.0,8
2026-08-13T21:55:25.217744+00:00,NORMAL,0.0,8
2026-08-13T22:53:39.642983+00:00,NORMAL,0.0,8
2026-08-13T23:52:33.457116+00:00,NORMAL,0.0,8
2026-08-14T02:33:37.351254+00:00,NORMAL,0.0,8
2026-08-14T04:56:22.354354+00:00,NORMAL,0.0,8
2026-08-14T06:21:36.924323+00:00,NORMAL,0.0,8
2026-08-14T08:23:02.072981+00:00,NORMAL,0.0,8
2026-08-14T10:12:40.094057+00:00,NORMAL,0.0,8
2026-08-14T11:52:31.257499+00:00,NORMAL,0.0,8
2026-08-14T13:23:53.631311+00:00,NORMAL,0.0,8
2026-08-14T15:00:07.849806+00:00,NORMAL,0.0,8
2026-08-14T16:03:33.168236+00:00,NORMAL,0.0,8
2026-08-14T17:57:56.133992+00:00,NORMAL,0.0,8
2026-08-14T19:06:17.483011+00:00,NORMAL,0.0,8
2026-08-14T20:37:32.636700+00:00,NORMAL,0.0,8
2026-08-14T21:32:32.571327+00:00,NORMAL,0.0,8
2026-08-14T22:31:37.194129+00:00,NORMAL,0.0,8
2026-08-14T23:28:56.352249+00:00,NORMAL,0.0,8
2026-08-15T01:43:03.498160+00:00,NORMAL,0.0,8
2026-08-15T02:59:02.310879+00:00,NORMAL,0.0,8
2026-08-15T03:50:03.515044+00:00,NORMAL,0.0,8
2026-08-15T04:39:35.162212+00:00,NORMAL,0.0,8
2026-08-15T05:33:12.671828+00:00,NORMAL,0.0,8
2026-08-15T06:52:04.045053+00:00,NORMAL,0.0,8
2026-08-15T07:38:00.081754+00:00,NORMAL,0.0,8
2026-08-15T08:38:23.798314+00:00,NORMAL,0.0,8
2026-08-15T09:34:05.641377+00:00,NORMAL,0.0,8
2026-08-15T10:30:55.087564+00:00,NORMAL,0.0,8
2026-08-15T11:27:45.609771+00:00,NORMAL,0.0,8
2026-08-15T12:52:31.293048+00:00,NORMAL,0.0,8
2026-08-15T13:38:03.518746+00:00,NORMAL,0.0,8
2026-08-15T14:31:15.930333+00:00,NORMAL,0.0,8
2026-08-15T15:28:46.788703+00:00,NORMAL,0.0,8
2026-08-15T16:34:39.520805+00:00,NORMAL,0.0,8
2026-08-15T17:27:29.332798+00:00,NORMAL,0.0,8
2026-08-15T18:40:20.514923+00:00,NORMAL,0.0,8
2026-08-15T19:28:01.637861+00:00,NORMAL,0.0,8
2026-08-15T20:31:54.050641+00:00,NORMAL,0.0,8
2026-08-15T21:28:45.270596+00:00,NORMAL,0.0,8
2026-08-15T22:29:54.247100+00:00,NORMAL,0.0,8
2026-08-15T23:27:40.700901+00:00,NORMAL,0.0,8
2026-08-16T01:49:43.812411+00:00,NORMAL,0.0,8
2026-08-16T03:08:08.956228+00:00,NORMAL,0.0,8
2026-08-16T04:43:23.621245+00:00,NORMAL,0.0,8
2026-08-16T05:34:39.937455+00:00,NORMAL,0.0,8
2026-08-16T06:52:33.659719+00:00,NORMAL,0.0,8
2026-08-16T07:39:01.618390+00:00,NORMAL,0.0,8
2026-08-16T08:39:09.161479+00:00,NORMAL,0.0,8
2026-08-16T09:35:22.552024+00:00,NORMAL,0.0,8
2026-08-16T10:32:18.481110+00:00,NORMAL,0.0,8
2026-08-16T11:27:36.222962+00:00,NORMAL,0.0,8
2026-08-16T12:54:46.931409+00:00,NORMAL,0.0,8
2026-08-16T13:38:31.572436+00:00,NORMAL,0.0,8
2026-08-16T14:30:39.965359+00:00,NORMAL,0.0,8
2026-08-16T15:29:15.458002+00:00,NORMAL,0.0,8
2026-08-16T16:35:00.037999+00:00,NORMAL,0.0,8
2026-08-16T17:26:38.262987+00:00,NORMAL,0.0,8
2026-08-16T18:39:47.272571+00:00,NORMAL,0.0,8
2026-08-16T19:28:11.152736+00:00,NORMAL,0.0,8
2026-08-16T20:33:10.013001+00:00,NORMAL,0.0,8
2026-08-16T21:27:55.906409+00:00,NORMAL,0.0,8
2026-08-16T22:30:39.140696+00:00,NORMAL,0.0,8
2026-08-16T23:27:25.020364+00:00,NORMAL,0.0,8
2026-08-17T01:48:13.388715+00:00,NORMAL,1.0,8
2026-08-17T03:08:06.423445+00:00,NORMAL,2.0,8
2026-08-17T04:52:50.214375+00:00,NORMAL,2.0,8
2026-08-17T05:41:28.992494+00:00,NORMAL,2.0,8
2026-08-17T07:09:44.822834+00:00,NORMAL,2.0,8
2026-08-17T08:53:25.731752+00:00,NORMAL,1.0,8
2026-08-17T09:52:30.598288+00:00,NORMAL,1.0,8
2026-08-17T10:39:26.923090+00:00,NORMAL,1.0,8
2026-08-17T11:32:52.026355+00:00,NORMAL,1.0,8
2026-08-17T12:58:42.118944+00:00,NORMAL,0.0,8
2026-08-17T13:48:29.647892+00:00,NORMAL,0.0,8
2026-08-17T14:36:09.958390+00:00,NORMAL,0.0,8
2026-08-17T15:33:01.803808+00:00,NORMAL,0.0,8
2026-08-17T16:36:27.156149+00:00,NORMAL,0.0,8
2026-08-17T17:34:32.659184+00:00,NORMAL,0.0,8
2026-08-17T18:51:43.981014+00:00,NORMAL,0.0,8
2026-08-17T19:35:20.266718+00:00,NORMAL,0.0,8
2026-08-17T20:36:23.147967+00:00,NORMAL,0.0,8
2026-08-17T21:33:46.594360+00:00,NORMAL,0.0,8
2026-08-17T22:32:06.761450+00:00,NORMAL,0.0,8
2026-08-17T23:30:48.562613+00:00,NORMAL,0.0,8
2026-08-18T01:42:30.529699+00:00,NORMAL,1.0,8
2026-08-18T03:03:50.533326+00:00,NORMAL,1.0,8
2026-08-18T04:44:07.730725+00:00,NORMAL,1.0,8
2026-08-18T05:36:36.943567+00:00,NORMAL,1.0,8
2026-08-18T06:56:20.056024+00:00,NORMAL,1.0,8
2026-08-18T07:46:20.303609+00:00,NORMAL,1.0,8
2026-08-18T08:47:04.847278+00:00,NORMAL,1.0,8
2026-08-18T09:41:39.923677+00:00,NORMAL,1.0,8
2026-08-18T10:37:25.261299+00:00,NORMAL,1.0,8
2026-08-18T11:33:41.740723+00:00,NORMAL,1.0,8
2026-08-18T13:00:55.008428+00:00,NORMAL,1.0,8
2026-08-18T13:52:04.983392+00:00,NORMAL,1.0,8
2026-08-18T14:41:30.122448+00:00,NORMAL,1.0,8
2026-08-18T15:38:23.867078+00:00,NORMAL,1.0,8
2026-08-18T16:39:29.100789+00:00,NORMAL,1.0,8
2026-08-18T17:34:38.331603+00:00,NORMAL,1.0,8
2026-08-18T18:49:20.959775+00:00,NORMAL,1.0,8
2026-08-18T19:33:14.069623+00:00,NORMAL,1.0,8
2026-08-18T20:33:15.511442+00:00,NORMAL,1.0,8
2026-08-18T21:32:15.231045+00:00,NORMAL,1.0,8
2026-08-18T22:33:01.942538+00:00,NORMAL,1.0,8
2026-08-18T23:29:27.547970+00:00,NORMAL,1.0,8
2026-08-19T01:45:11.992783+00:00,NORMAL,1.0,8
2026-08-19T03:05:40.133178+00:00,NORMAL,1.0,8
2026-08-19T04:44:23.791758+00:00,NORMAL,1.0,8
2026-08-19T05:38:42.890663+00:00,NORMAL,1.0,8
2026-08-19T06:58:11.233492+00:00,NORMAL,1.0,8
2026-08-19T07:49:01.161797+00:00,NORMAL,1.0,8
2026-08-19T08:48:03.900884+00:00,NORMAL,1.0,8
2026-08-19T09:41:27.252299+00:00,NORMAL,1.0,8
2026-08-19T10:36:40.976185+00:00,NORMAL,1.0,8
2026-08-19T11:33:51.154331+00:00,NORMAL,1.0,8
2026-08-19T13:01:06.444638+00:00,NORMAL,1.0,8
2026-08-19T13:53:50.115668+00:00,NORMAL,1.0,8
2026-08-19T14:41:57.714416+00:00,NORMAL,1.0,8
2026-08-19T15:39:27.568112+00:00,NORMAL,1.0,8
2026-08-19T16:40:30.320513+00:00,NORMAL,1.0,8
2026-08-19T17:33:46.190706+00:00,NORMAL,1.0,8
2026-08-19T18:46:35.989316+00:00,NORMAL,1.0,8
2026-08-19T19:32:18.962678+00:00,NORMAL,1.0,8
2026-08-19T20:37:48.874094+00:00,NORMAL,1.0,8
2026-08-19T21:33:55.896953+00:00,NORMAL,1.0,8
2026-08-19T22:32:14.425935+00:00,NORMAL,1.0,8
2026-08-19T23:30:36.122227+00:00,NORMAL,1.0,8
2026-08-20T01:43:49.020098+00:00,NORMAL,0.0,8
2026-08-20T03:05:04.596719+00:00,NORMAL,0.0,8
2026-08-20T04:46:16.551569+00:00,NORMAL,0.0,8
2026-08-20T05:38:47.051783+00:00,NORMAL,0.0,8
2026-08-20T06:58:24.889204+00:00,NORMAL,0.0,8
2026-08-20T07:50:48.788173+00:00,NORMAL,0.0,8
2026-08-20T08:49:59.293635+00:00,NORMAL,0.0,8
2026-08-20T09:42:02.386315+00:00,NORMAL,0.0,8
2026-08-20T10:38:10.134179+00:00,NORMAL,0.0,8
2026-08-20T11:34:38.749561+00:00,NORMAL,0.0,8
2026-08-20T13:04:30.488846+00:00,NORMAL,0.0,8
2026-08-20T14:44:15.650773+00:00,NORMAL,0.0,8
2026-08-20T15:41:08.797460+00:00,NORMAL,0.0,8
2026-08-20T16:43:36.993697+00:00,NORMAL,0.0,8
2026-08-20T17:38:28.232058+00:00,NORMAL,0.0,8
2026-08-20T18:51:57.563541+00:00,NORMAL,0.0,8
2026-08-20T19:37:53.900936+00:00,NORMAL,0.0,8
2026-08-20T20:38:13.613948+00:00,NORMAL,0.0,8
2026-08-20T21:35:17.944052+00:00,NORMAL,0.0,8
2026-08-20T22:36:14.276047+00:00,NORMAL,0.0,8
2026-08-20T23:32:42.936296+00:00,NORMAL,0.0,8
2026-08-21T01:49:05.621612+00:00,NORMAL,0.0,8
2026-08-21T03:11:33.994228+00:00,NORMAL,0.0,8
2026-08-21T04:48:16.551981+00:00,NORMAL,0.0,8
2026-08-21T05:40:30.448930+00:00,NORMAL,0.0,8
2026-08-21T06:59:41.875447+00:00,NORMAL,0.0,8
2026-08-21T07:52:24.209744+00:00,NORMAL,0.0,8
2026-08-21T08:51:17.507344+00:00,NORMAL,0.0,8
2026-08-21T09:45:57.735397+00:00,NORMAL,0.0,8
2026-08-21T10:38:29.468209+00:00,NORMAL,0.0,8
2026-08-21T11:34:21.111947+00:00,NORMAL,0.0,8
2026-08-21T13:02:46.125753+00:00,NORMAL,0.0,8
2026-08-21T14:44:03.680923+00:00,NORMAL,0.0,8
2026-08-21T15:42:03.828915+00:00,NORMAL,0.0,8
2026-08-21T16:43:08.304437+00:00,NORMAL,0.0,8
2026-08-21T17:37:28.090235+00:00,NORMAL,0.0,8
2026-08-21T18:48:35.945666+00:00,NORMAL,0.0,8
2026-08-21T19:31:31.384437+00:00,NORMAL,0.0,8
2026-08-21T20:33:35.123482+00:00,NORMAL,0.0,8
2026-08-21T21:31:53.275648+00:00,NORMAL,0.0,8
2026-08-21T22:32:39.301677+00:00,NORMAL,0.0,8
2026-08-21T23:31:15.380932+00:00,NORMAL,0.0,8
2026-08-22T01:42:28.818739+00:00,NORMAL,2.0,8
2026-08-22T03:00:55.332463+00:00,NORMAL,2.0,8
2026-08-22T04:41:57.993385+00:00,NORMAL,2.0,8
2026-08-22T05:35:29.425711+00:00,NORMAL,2.0,8
2026-08-22T06:53:18.282158+00:00,NORMAL,3.0,8
2026-08-22T07:39:16.397585+00:00,NORMAL,3.0,8
2026-08-22T08:39:35.492868+00:00,NORMAL,3.0,8
2026-08-22T09:34:52.550161+00:00,NORMAL,3.0,8
2026-08-22T10:31:51.883827+00:00,NORMAL,3.0,8
2026-08-22T11:27:44.705688+00:00,NORMAL,3.0,8
2026-08-22T12:53:33.386373+00:00,NORMAL,3.0,8
2026-08-22T13:38:42.819299+00:00,NORMAL,3.0,8
2026-08-22T14:30:27.313992+00:00,NORMAL,3.0,8
2026-08-22T15:29:59.228187+00:00,NORMAL,3.0,8
2026-08-22T16:33:14.634847+00:00,NORMAL,3.0,8
2026-08-22T17:28:24.744087+00:00,NORMAL,3.0,8
2026-08-22T18:40:57.754934+00:00,NORMAL,2.0,8
2026-08-22T19:28:00.350886+00:00,NORMAL,2.0,8
2026-08-22T20:32:09.848914+00:00,NORMAL,2.0,8
2026-08-22T21:29:26.396982+00:00,NORMAL,2.0,8
2026-08-22T22:30:24.101397+00:00,NORMAL,2.0,8
2026-08-22T23:28:33.949557+00:00,NORMAL,2.0,8
2026-08-23T01:51:46.298325+00:00,NORMAL,3.0,8
2026-08-23T03:11:12.525566+00:00,NORMAL,3.0,8
2026-08-23T04:45:41.560885+00:00,NORMAL,3.0,8
2026-08-23T05:36:42.001060+00:00,NORMAL,3.0,8
2026-08-23T06:53:19.501211+00:00,NORMAL,2.0,8
2026-08-23T07:40:08.891149+00:00,NORMAL,2.0,8
2026-08-23T08:39:48.122827+00:00,NORMAL,2.0,8
2026-08-23T09:35:49.472632+00:00,NORMAL,2.0,8
2026-08-23T10:31:49.211818+00:00,NORMAL,2.0,8
2026-08-23T11:28:21.839022+00:00,NORMAL,2.0,8
2026-08-23T12:55:05.014316+00:00,NORMAL,3.0,8
2026-08-23T13:37:57.135094+00:00,NORMAL,3.0,8
2026-08-23T14:31:02.827334+00:00,NORMAL,3.0,8
2026-08-23T15:31:00.664227+00:00,NORMAL,3.0,8
2026-08-23T16:34:12.489594+00:00,NORMAL,3.0,8
2026-08-23T17:27:24.937542+00:00,NORMAL,3.0,8
2026-08-23T18:40:12.838759+00:00,NORMAL,3.0,8
2026-08-23T19:28:17.583064+00:00,NORMAL,3.0,8
2026-08-23T20:32:26.459417+00:00,NORMAL,3.0,8
2026-08-23T21:29:13.447661+00:00,NORMAL,3.0,8
2026-08-23T22:30:48.042347+00:00,NORMAL,3.0,8
2026-08-23T23:29:25.887740+00:00,NORMAL,3.0,8
2026-08-24T01:49:04.554460+00:00,NORMAL,1.0,8
2026-08-24T03:12:10.661423+00:00,NORMAL,1.0,8
2026-08-24T04:54:29.129879+00:00,NORMAL,1.0,8
2026-08-24T05:44:29.028412+00:00,NORMAL,1.0,8
2026-08-24T07:13:41.095820+00:00,NORMAL,1.0,8
2026-08-24T08:58:20.934576+00:00,NORMAL,1.0,8
2026-08-24T09:57:59.861011+00:00,NORMAL,1.0,8
2026-08-24T10:48:00.250973+00:00,NORMAL,1.0,8
2026-08-24T11:36:52.437507+00:00,NORMAL,1.0,8
2026-08-24T13:06:38.613119+00:00,NORMAL,1.0,8
2026-08-24T14:51:03.077135+00:00,NORMAL,1.0,8
2026-08-24T15:47:35.446381+00:00,NORMAL,1.0,8
2026-08-24T16:48:21.236450+00:00,NORMAL,1.0,8
2026-08-24T17:37:31.452585+00:00,NORMAL,1.0,8
2026-08-24T18:51:10.987908+00:00,NORMAL,1.0,8
2026-08-24T19:37:03.188136+00:00,NORMAL,1.0,8
2026-08-24T20:39:40.340412+00:00,NORMAL,1.0,8
2026-08-24T21:38:02.486329+00:00,NORMAL,1.0,8
2026-08-24T22:35:02.072330+00:00,NORMAL,1.0,8
2026-08-24T23:29:36.236569+00:00,NORMAL,1.0,8
2026-08-25T01:44:40.409721+00:00,NORMAL,0.0,8
2026-08-25T03:07:02.737899+00:00,NORMAL,0.0,8
2026-08-25T04:48:37.444326+00:00,NORMAL,0.0,8
